-- phpMyAdmin SQL Dump
-- version 4.0.10deb1
-- http://www.phpmyadmin.net
--
-- Host: localhost
-- Generation Time: Jul 29, 2018 at 12:33 AM
-- Server version: 5.5.44-0ubuntu0.14.04.1
-- PHP Version: 5.5.9-1ubuntu4.20

SET SQL_MODE = "NO_AUTO_VALUE_ON_ZERO";
SET time_zone = "+00:00";


/*!40101 SET @OLD_CHARACTER_SET_CLIENT=@@CHARACTER_SET_CLIENT */;
/*!40101 SET @OLD_CHARACTER_SET_RESULTS=@@CHARACTER_SET_RESULTS */;
/*!40101 SET @OLD_COLLATION_CONNECTION=@@COLLATION_CONNECTION */;
/*!40101 SET NAMES utf8 */;

--
-- Database: `dairy_management`
--

-- --------------------------------------------------------

--
-- Table structure for table `customers`
--

CREATE TABLE IF NOT EXISTS `customers` (
  `id` int(11) NOT NULL AUTO_INCREMENT,
  `customer_name` varchar(45) DEFAULT NULL,
  `alias` varchar(100) NOT NULL,
  `address` varchar(45) DEFAULT NULL,
  `route` varchar(45) DEFAULT NULL,
  `firstname` varchar(45) DEFAULT NULL,
  `lastname` varchar(45) NOT NULL,
  `contact_no` bigint(20) DEFAULT NULL,
  `contact_no1` bigint(20) NOT NULL,
  `is_delete` int(11) NOT NULL DEFAULT '0',
  `city` varchar(45) NOT NULL,
  `pincode` int(10) NOT NULL,
  `customer_type` enum('W','R') DEFAULT NULL,
  `is_active` int(11) DEFAULT '1',
  `created_at` timestamp NULL DEFAULT NULL,
  `created_by` int(11) DEFAULT NULL,
  `updated_at` timestamp NOT NULL DEFAULT CURRENT_TIMESTAMP ON UPDATE CURRENT_TIMESTAMP,
  `updated_by` int(11) NOT NULL,
  PRIMARY KEY (`id`)
) ENGINE=InnoDB  DEFAULT CHARSET=latin1 AUTO_INCREMENT=14 ;

--
-- Dumping data for table `customers`
--

INSERT INTO `customers` (`id`, `customer_name`, `alias`, `address`, `route`, `firstname`, `lastname`, `contact_no`, `contact_no1`, `is_delete`, `city`, `pincode`, `customer_type`, `is_active`, `created_at`, `created_by`, `updated_at`, `updated_by`) VALUES
(1, 'Deepsa', '', 'PPN', '3', 'Deepan', 'Mk', 9940039192, 0, 0, 'chennai', 600037, 'W', 1, '2014-06-22 18:30:00', 1, '2014-08-08 08:52:58', 0),
(2, 'Gurusamy', '', 'PPN', '1', 'Marichamy', 'C', 9940039192, 0, 0, '', 0, 'W', 1, '2014-06-22 21:49:32', 1, '2014-12-16 12:45:32', 0),
(3, 'M K Deepan Foods', '', 'padi pudu nagar', '1', 'Kalyanasundaram', 'M', 9940302299, 0, 0, 'chennai', 600101, 'W', 1, NULL, NULL, '2014-07-01 06:08:36', 0),
(4, 'Saraswathi', '', 'chebnai', '2', 'sraswathi', 's', 9654851121, 0, 0, 'chiennai', 600037, 'W', 1, NULL, NULL, '2014-07-01 07:25:22', 0),
(5, 'K M Store', '', 'ppn', '1', 'Mayil', 'Raj', 9840416777, 0, 0, 'chennai', 600050, 'W', 1, NULL, NULL, '2014-07-01 09:24:49', 0),
(6, 'customer', '', 'chenai', '1', 'siva', 'kv', 8788787845, 0, 0, 'chenaiq', 600037, 'W', 1, NULL, NULL, '2014-07-01 09:26:03', 0),
(7, 'Murugan Stores', '', 'chennai', '2', 'Kanagu', 'Raj', 9798754544, 0, 0, 'cehnia', 6000101, 'W', 1, NULL, NULL, '2014-07-01 11:39:51', 0),
(8, 'siva', '', 'ckhejkh', '2', 'sivaq', 'kv', 987987879879, 0, 0, 'kshdf', 6545454, 'R', 1, NULL, NULL, '2014-07-01 11:46:55', 0),
(9, 'jai', '', 'chennai', '3', 'jai', 'kumar', 6545454, 0, 0, 'chennai', 600025, 'R', 1, NULL, NULL, '2014-07-01 11:48:47', 0),
(10, 'S M Samy Store', '', 'ppn', '1', 'Murugesan', 'S', 9878787787, 0, 0, 'chennai', 600050, 'W', 1, NULL, NULL, '2014-08-08 12:03:59', 0),
(11, 'Lakshmi Store', '', 'chennai', '1', 'lakshmi', 'k', 97879878787, 0, 0, 'chennao', 8787877, 'W', 1, NULL, NULL, '2014-07-02 07:11:59', 0),
(12, 'Bakyalakshmi', '', 'kalaivanar', '1', 'Azhagu', 'vel', 8787878777, 0, 0, 'chennai', 7878787, 'W', 1, NULL, NULL, '2014-07-02 07:13:20', 0),
(13, 'New Pandiyan', '', '11th street', '1', 'Sankar', 's', 1234567890, 0, 0, 'chennai', 600101, 'W', 1, NULL, NULL, '2014-11-15 05:16:46', 0);

-- --------------------------------------------------------

--
-- Table structure for table `discount`
--

CREATE TABLE IF NOT EXISTS `discount` (
  `id` int(11) NOT NULL AUTO_INCREMENT,
  `prod_id` int(11) NOT NULL,
  `to_purchase` decimal(10,2) NOT NULL,
  `to_off` decimal(10,2) NOT NULL,
  `from_date` datetime NOT NULL,
  `to_date` datetime NOT NULL,
  `is_active` enum('0','1') NOT NULL DEFAULT '1',
  `created_by` int(11) NOT NULL,
  `updated_by` int(11) NOT NULL,
  `updated_at` timestamp NOT NULL DEFAULT CURRENT_TIMESTAMP ON UPDATE CURRENT_TIMESTAMP,
  `created_at` timestamp NOT NULL DEFAULT '0000-00-00 00:00:00',
  `is_delete` int(11) NOT NULL DEFAULT '0',
  PRIMARY KEY (`id`)
) ENGINE=InnoDB DEFAULT CHARSET=latin1 AUTO_INCREMENT=1 ;

-- --------------------------------------------------------

--
-- Table structure for table `payments`
--

CREATE TABLE IF NOT EXISTS `payments` (
  `id` int(11) NOT NULL AUTO_INCREMENT,
  `customer_id` int(11) NOT NULL,
  `credit` decimal(10,2) NOT NULL,
  `created_by` int(11) NOT NULL,
  `paid_by` varchar(50) NOT NULL,
  `updated_by` int(11) NOT NULL,
  `updated_at` timestamp NOT NULL DEFAULT CURRENT_TIMESTAMP ON UPDATE CURRENT_TIMESTAMP,
  `created_at` timestamp NOT NULL DEFAULT '0000-00-00 00:00:00',
  `is_delete` enum('0','1') NOT NULL DEFAULT '0',
  PRIMARY KEY (`id`)
) ENGINE=InnoDB  DEFAULT CHARSET=latin1 AUTO_INCREMENT=21 ;

--
-- Dumping data for table `payments`
--

INSERT INTO `payments` (`id`, `customer_id`, `credit`, `created_by`, `paid_by`, `updated_by`, `updated_at`, `created_at`, `is_delete`) VALUES
(1, 1, 1000.00, 0, '', 0, '0000-00-00 00:00:00', '0000-00-00 00:00:00', '0'),
(2, 1, 500.00, 0, '', 0, '0000-00-00 00:00:00', '0000-00-00 00:00:00', '0'),
(3, 2, 650.00, 0, '', 0, '0000-00-00 00:00:00', '0000-00-00 00:00:00', '0'),
(4, 4, 145.00, 0, '', 0, '0000-00-00 00:00:00', '0000-00-00 00:00:00', '0'),
(5, 13, 100.00, 0, '', 0, '0000-00-00 00:00:00', '0000-00-00 00:00:00', '0'),
(6, 13, 574.00, 0, '', 0, '0000-00-00 00:00:00', '0000-00-00 00:00:00', '0'),
(7, 1, 306.00, 0, '', 0, '0000-00-00 00:00:00', '0000-00-00 00:00:00', '0'),
(8, 3, 554.00, 0, '', 0, '0000-00-00 00:00:00', '0000-00-00 00:00:00', '0'),
(9, 10, 390.00, 0, '', 0, '0000-00-00 00:00:00', '0000-00-00 00:00:00', '0'),
(10, 4, 200.00, 0, '', 0, '0000-00-00 00:00:00', '0000-00-00 00:00:00', '0'),
(11, 4, 200.00, 0, '', 0, '0000-00-00 00:00:00', '0000-00-00 00:00:00', '0'),
(12, 1, 172.00, 0, '', 0, '0000-00-00 00:00:00', '0000-00-00 00:00:00', '0'),
(13, 4, 184.00, 0, '', 0, '0000-00-00 00:00:00', '0000-00-00 00:00:00', '0'),
(14, 1, 0.00, 0, '', 0, '0000-00-00 00:00:00', '0000-00-00 00:00:00', '0'),
(15, 3, 2430.00, 0, '', 0, '0000-00-00 00:00:00', '0000-00-00 00:00:00', '0'),
(16, 1, 0.00, 0, '', 0, '0000-00-00 00:00:00', '0000-00-00 00:00:00', '0'),
(17, 1, 325.00, 0, '', 0, '0000-00-00 00:00:00', '0000-00-00 00:00:00', '0'),
(18, 1, 15400.00, 0, '', 0, '0000-00-00 00:00:00', '0000-00-00 00:00:00', '0'),
(19, 1, 240.00, 0, '', 0, '0000-00-00 00:00:00', '0000-00-00 00:00:00', '0'),
(20, 1, 230.00, 0, '', 0, '0000-00-00 00:00:00', '0000-00-00 00:00:00', '0');

-- --------------------------------------------------------

--
-- Table structure for table `products`
--

CREATE TABLE IF NOT EXISTS `products` (
  `id` int(11) NOT NULL AUTO_INCREMENT,
  `prod_name` varchar(50) NOT NULL,
  `aliass` varchar(15) NOT NULL,
  `brand_name` varchar(50) NOT NULL,
  `vendor_id` int(11) NOT NULL,
  `is_active` enum('0','1') NOT NULL DEFAULT '1',
  `modify_at` timestamp NOT NULL DEFAULT '0000-00-00 00:00:00' ON UPDATE CURRENT_TIMESTAMP,
  `modify_by` int(11) DEFAULT NULL,
  `created_at` timestamp NOT NULL DEFAULT '0000-00-00 00:00:00',
  `created_by` int(11) NOT NULL,
  `is_delete` int(11) NOT NULL DEFAULT '0',
  PRIMARY KEY (`id`)
) ENGINE=InnoDB  DEFAULT CHARSET=latin1 AUTO_INCREMENT=17 ;

--
-- Dumping data for table `products`
--

INSERT INTO `products` (`id`, `prod_name`, `aliass`, `brand_name`, `vendor_id`, `is_active`, `modify_at`, `modify_by`, `created_at`, `created_by`, `is_delete`) VALUES
(1, 'Arokya SM 1000ml', 'S1000', 'Hatsun', 1, '1', '2014-07-04 10:36:16', 0, '0000-00-00 00:00:00', 1, 0),
(2, 'Arokya SM 500ml', 'S500', 'Hatsun', 1, '1', '2014-07-04 10:37:45', 0, '0000-00-00 00:00:00', 1, 0),
(3, 'Arokya SM 200ml', 'S200', 'Hatsun', 1, '1', '2014-07-04 10:37:54', NULL, '2014-07-04 06:53:13', 1, 0),
(4, 'Arokya TM 500ml', 'T500', 'Hatsun', 1, '1', '2014-07-04 10:44:52', NULL, '2014-07-04 10:20:44', 1, 0),
(5, 'Arokya FCM 1000ml', 'F1000', 'Hatsun', 1, '1', '2014-07-04 10:38:14', NULL, '2014-07-04 10:21:46', 1, 0),
(6, 'Arokya FCM 500ml', 'F500', 'Hatsun', 1, '1', '2014-07-04 10:38:25', NULL, '2014-07-04 10:22:18', 1, 0),
(7, 'Hatsun curd 500gm pouch', 'P500', 'Hatsun', 1, '1', '2014-07-04 10:38:38', NULL, '2014-07-04 10:23:48', 1, 0),
(8, 'Hatsun curd 250gm pouch', 'P250', 'Hatsun', 1, '1', '2014-07-04 10:38:53', NULL, '2014-07-04 10:24:28', 1, 0),
(9, 'Hatsun curd 160gm pouch', 'P160', 'Hatsun', 1, '1', '2014-07-04 10:39:04', NULL, '2014-07-04 10:24:57', 1, 0),
(10, 'Hatsun curd 400gm cup', 'C400', 'Hatsun', 1, '1', '2014-07-04 10:39:19', NULL, '2014-07-04 10:25:36', 1, 0),
(11, 'Hatsun curd 200gm cup', 'C200', 'Hatsun', 1, '1', '2014-07-04 10:39:32', NULL, '2014-07-04 10:26:03', 1, 0),
(12, 'Hatsun curd 140gm cup', 'C140', 'Hatsun', 1, '1', '2014-07-04 10:39:44', NULL, '2014-07-04 10:26:35', 1, 0),
(13, 'Hatsun curd 90gm cup', 'C90', 'Hatsun', 1, '1', '2014-07-04 10:39:57', NULL, '2014-07-04 10:26:59', 1, 0),
(14, 'Hatsun curd 50gm cup', 'C50', 'Hatsun', 1, '1', '2014-07-04 10:37:33', NULL, '2014-07-04 10:28:07', 1, 0),
(15, 'Hatsun Paneer 100gm', 'Pn100', 'Hatsun', 1, '1', '2014-07-04 11:08:53', NULL, '2014-07-04 10:50:18', 1, 0),
(16, 'Hatsun paneer 200gm', 'Pn200', 'Hatsun', 1, '1', '2014-07-04 11:09:09', NULL, '2014-07-04 10:50:52', 1, 0);

-- --------------------------------------------------------

--
-- Table structure for table `purchase_desc`
--

CREATE TABLE IF NOT EXISTS `purchase_desc` (
  `id` int(11) NOT NULL AUTO_INCREMENT,
  `purchase_id` int(11) NOT NULL,
  `prod_id` text NOT NULL,
  `prod_rate_per_unit` decimal(10,2) NOT NULL,
  `prod_quan` text NOT NULL,
  `prod_tax` decimal(10,2) NOT NULL,
  `sub_amount` decimal(10,2) NOT NULL,
  `prod_discount_id` int(11) NOT NULL,
  `updated_by` int(11) NOT NULL,
  `updated_at` timestamp NOT NULL DEFAULT CURRENT_TIMESTAMP ON UPDATE CURRENT_TIMESTAMP,
  `created_by` int(11) NOT NULL,
  `created_at` timestamp NOT NULL DEFAULT '0000-00-00 00:00:00',
  PRIMARY KEY (`id`)
) ENGINE=InnoDB DEFAULT CHARSET=latin1 AUTO_INCREMENT=1 ;

-- --------------------------------------------------------

--
-- Table structure for table `purchase_details`
--

CREATE TABLE IF NOT EXISTS `purchase_details` (
  `id` int(11) NOT NULL AUTO_INCREMENT,
  `purchase_date` datetime NOT NULL,
  `total_amount` decimal(10,2) NOT NULL,
  `modify_at` timestamp NOT NULL DEFAULT CURRENT_TIMESTAMP ON UPDATE CURRENT_TIMESTAMP,
  `modify_by` int(11) NOT NULL,
  `created_at` timestamp NOT NULL DEFAULT '0000-00-00 00:00:00',
  `created_by` int(11) NOT NULL,
  PRIMARY KEY (`id`)
) ENGINE=InnoDB DEFAULT CHARSET=latin1 AUTO_INCREMENT=1 ;

-- --------------------------------------------------------

--
-- Table structure for table `purchase_vendor_mapping`
--

CREATE TABLE IF NOT EXISTS `purchase_vendor_mapping` (
  `id` int(11) NOT NULL AUTO_INCREMENT,
  `purchase_id` int(11) NOT NULL,
  `vendor_id` int(11) NOT NULL,
  PRIMARY KEY (`id`)
) ENGINE=InnoDB DEFAULT CHARSET=latin1 AUTO_INCREMENT=1 ;

-- --------------------------------------------------------

--
-- Table structure for table `rate_customer_mapping`
--

CREATE TABLE IF NOT EXISTS `rate_customer_mapping` (
  `id` int(11) NOT NULL AUTO_INCREMENT,
  `prod_id` int(11) NOT NULL,
  `cust_id` int(11) NOT NULL,
  `rate` decimal(10,2) NOT NULL,
  `tax` decimal(10,2) NOT NULL,
  `created_by` int(11) NOT NULL,
  `updated_by` int(11) NOT NULL,
  `updated_at` timestamp NOT NULL DEFAULT CURRENT_TIMESTAMP ON UPDATE CURRENT_TIMESTAMP,
  `created_at` timestamp NOT NULL DEFAULT '0000-00-00 00:00:00',
  PRIMARY KEY (`id`)
) ENGINE=InnoDB  DEFAULT CHARSET=latin1 AUTO_INCREMENT=17 ;

--
-- Dumping data for table `rate_customer_mapping`
--

INSERT INTO `rate_customer_mapping` (`id`, `prod_id`, `cust_id`, `rate`, `tax`, `created_by`, `updated_by`, `updated_at`, `created_at`) VALUES
(1, 1, 55, 56.00, 0.00, 52, 0, '0000-00-00 00:00:00', '0000-00-00 00:00:00'),
(2, 2, 40, 42.00, 0.00, 0, 0, '0000-00-00 00:00:00', '0000-00-00 00:00:00'),
(3, 3, 9, 10.00, 0.00, 0, 0, '0000-00-00 00:00:00', '0000-00-00 00:00:00'),
(4, 4, 36, 38.00, 0.00, 0, 0, '0000-00-00 00:00:00', '0000-00-00 00:00:00'),
(5, 5, 43, 45.00, 0.00, 0, 0, '0000-00-00 00:00:00', '0000-00-00 00:00:00'),
(6, 6, 44, 46.00, 0.00, 0, 0, '0000-00-00 00:00:00', '0000-00-00 00:00:00'),
(7, 7, 23, 25.00, 0.00, 0, 0, '0000-00-00 00:00:00', '0000-00-00 00:00:00'),
(8, 8, 13, 15.00, 0.00, 0, 0, '0000-00-00 00:00:00', '0000-00-00 00:00:00'),
(9, 9, 9, 10.00, 0.00, 0, 0, '0000-00-00 00:00:00', '0000-00-00 00:00:00'),
(10, 10, 35, 40.00, 0.00, 0, 0, '0000-00-00 00:00:00', '0000-00-00 00:00:00'),
(11, 11, 17, 20.00, 0.00, 0, 0, '0000-00-00 00:00:00', '0000-00-00 00:00:00'),
(12, 12, 13, 15.00, 0.00, 0, 0, '0000-00-00 00:00:00', '0000-00-00 00:00:00'),
(13, 13, 9, 10.00, 0.00, 0, 0, '0000-00-00 00:00:00', '0000-00-00 00:00:00'),
(14, 14, 5, 6.00, 0.00, 0, 0, '0000-00-00 00:00:00', '0000-00-00 00:00:00'),
(15, 15, 30, 35.00, 0.00, 0, 0, '0000-00-00 00:00:00', '0000-00-00 00:00:00'),
(16, 16, 60, 70.00, 0.00, 0, 0, '0000-00-00 00:00:00', '0000-00-00 00:00:00');

-- --------------------------------------------------------

--
-- Table structure for table `rate_master`
--

CREATE TABLE IF NOT EXISTS `rate_master` (
  `id` int(11) NOT NULL AUTO_INCREMENT,
  `prod_id` int(11) NOT NULL,
  `w_sale_rate` decimal(10,2) NOT NULL,
  `r_sale_rate` decimal(10,2) NOT NULL,
  `p_rate` decimal(10,2) NOT NULL,
  `p_tax` decimal(10,2) NOT NULL,
  `created_by` int(11) NOT NULL,
  `updated_by` int(11) NOT NULL,
  `updated_at` timestamp NOT NULL DEFAULT CURRENT_TIMESTAMP ON UPDATE CURRENT_TIMESTAMP,
  `created_at` timestamp NOT NULL DEFAULT '0000-00-00 00:00:00',
  PRIMARY KEY (`id`)
) ENGINE=InnoDB DEFAULT CHARSET=latin1 AUTO_INCREMENT=1 ;

-- --------------------------------------------------------

--
-- Table structure for table `route`
--

CREATE TABLE IF NOT EXISTS `route` (
  `id` int(11) NOT NULL AUTO_INCREMENT,
  `area_name` varchar(50) NOT NULL,
  `created_by` int(11) NOT NULL,
  `updated_at` timestamp NOT NULL DEFAULT CURRENT_TIMESTAMP ON UPDATE CURRENT_TIMESTAMP,
  `updated_by` int(11) NOT NULL,
  `created_at` timestamp NOT NULL DEFAULT '0000-00-00 00:00:00',
  `is_active` int(11) NOT NULL DEFAULT '1',
  `is_delete` int(11) NOT NULL DEFAULT '0',
  PRIMARY KEY (`id`)
) ENGINE=InnoDB  DEFAULT CHARSET=latin1 AUTO_INCREMENT=5 ;

--
-- Dumping data for table `route`
--

INSERT INTO `route` (`id`, `area_name`, `created_by`, `updated_at`, `updated_by`, `created_at`, `is_active`, `is_delete`) VALUES
(1, 'Padi Pudu Nagar', 1, '2014-06-30 11:29:36', 0, '0000-00-00 00:00:00', 1, 0),
(2, 'Padi Kuppam', 1, '2014-06-30 11:28:53', 0, '0000-00-00 00:00:00', 1, 0),
(3, 'Mugappair', 1, '2014-06-30 11:29:21', 0, '0000-00-00 00:00:00', 1, 0),
(4, 'Direct Sales', 1, '2014-08-18 07:06:14', 0, '0000-00-00 00:00:00', 1, 0);

-- --------------------------------------------------------

--
-- Table structure for table `sales_customer_mapping`
--

CREATE TABLE IF NOT EXISTS `sales_customer_mapping` (
  `id` int(11) NOT NULL AUTO_INCREMENT,
  `sale_id` int(11) NOT NULL,
  `customer_id` int(11) NOT NULL,
  PRIMARY KEY (`id`)
) ENGINE=InnoDB DEFAULT CHARSET=latin1 AUTO_INCREMENT=1 ;

-- --------------------------------------------------------

--
-- Table structure for table `sales_desc`
--

CREATE TABLE IF NOT EXISTS `sales_desc` (
  `id` int(11) NOT NULL AUTO_INCREMENT,
  `sale_id` int(11) NOT NULL,
  `prod_id` text NOT NULL,
  `prod_rate_per_unit` decimal(10,2) NOT NULL,
  `prod_quan` text NOT NULL,
  `prod_tax` decimal(10,2) NOT NULL,
  `sub_amount` decimal(10,2) NOT NULL,
  `prod_discount_id` int(11) NOT NULL,
  `updated_by` int(11) NOT NULL,
  `updated_at` timestamp NOT NULL DEFAULT CURRENT_TIMESTAMP ON UPDATE CURRENT_TIMESTAMP,
  `created_by` int(11) NOT NULL,
  `created_at` timestamp NOT NULL DEFAULT '0000-00-00 00:00:00',
  PRIMARY KEY (`id`)
) ENGINE=InnoDB  DEFAULT CHARSET=latin1 AUTO_INCREMENT=185 ;

--
-- Dumping data for table `sales_desc`
--

INSERT INTO `sales_desc` (`id`, `sale_id`, `prod_id`, `prod_rate_per_unit`, `prod_quan`, `prod_tax`, `sub_amount`, `prod_discount_id`, `updated_by`, `updated_at`, `created_by`, `created_at`) VALUES
(1, 1, '1', 39.00, '10.0', 0.00, 390.00, 0, 0, '0000-00-00 00:00:00', 0, '0000-00-00 00:00:00'),
(3, 2, '1', 39.00, '10.0', 0.00, 390.00, 0, 0, '0000-00-00 00:00:00', 0, '0000-00-00 00:00:00'),
(16, 6, '1', 39.00, '45.0', 0.00, 1755.00, 0, 0, '0000-00-00 00:00:00', 0, '0000-00-00 00:00:00'),
(18, 7, '1', 39.00, '5.0', 0.00, 195.00, 0, 0, '0000-00-00 00:00:00', 0, '0000-00-00 00:00:00'),
(30, 5, '1', 39.00, '1.0', 0.00, 39.00, 0, 0, '0000-00-00 00:00:00', 0, '0000-00-00 00:00:00'),
(48, 5, '1', 39.00, '1.0', 0.00, 39.00, 0, 0, '0000-00-00 00:00:00', 0, '0000-00-00 00:00:00'),
(66, 9, '1', 39.00, '4.0', 0.00, 156.00, 0, 0, '0000-00-00 00:00:00', 0, '0000-00-00 00:00:00'),
(67, 8, '1', 39.00, '4.0', 0.00, 156.00, 0, 0, '0000-00-00 00:00:00', 0, '0000-00-00 00:00:00'),
(68, 10, '1', 39.00, '5.0', 0.00, 195.00, 0, 0, '0000-00-00 00:00:00', 0, '0000-00-00 00:00:00'),
(69, 10, '1', 39.00, '6.0', 0.00, 234.00, 0, 0, '0000-00-00 00:00:00', 0, '0000-00-00 00:00:00'),
(70, 11, '1', 39.00, '10.0', 0.00, 390.00, 0, 0, '0000-00-00 00:00:00', 0, '0000-00-00 00:00:00'),
(71, 10, '2', 40.00, '4.0', 0.00, 160.00, 0, 0, '0000-00-00 00:00:00', 0, '0000-00-00 00:00:00'),
(72, 1, '2', 40.00, '5.0', 0.00, 200.00, 0, 0, '0000-00-00 00:00:00', 0, '0000-00-00 00:00:00'),
(73, 12, '1', 39.00, '5.0', 0.00, 195.00, 0, 0, '0000-00-00 00:00:00', 0, '0000-00-00 00:00:00'),
(74, 12, '1', 39.00, '50.0', 0.00, 1950.00, 0, 0, '0000-00-00 00:00:00', 0, '0000-00-00 00:00:00'),
(75, 13, '1', 39.00, '12.0', 0.00, 468.00, 0, 0, '0000-00-00 00:00:00', 0, '0000-00-00 00:00:00'),
(76, 13, '2', 40.00, '5.0', 0.00, 200.00, 0, 0, '0000-00-00 00:00:00', 0, '0000-00-00 00:00:00'),
(77, 14, '1', 39.00, '22.0', 0.00, 858.00, 0, 0, '0000-00-00 00:00:00', 0, '0000-00-00 00:00:00'),
(78, 15, '1', 39.00, '10.0', 0.00, 390.00, 0, 0, '0000-00-00 00:00:00', 0, '0000-00-00 00:00:00'),
(79, 15, '3', 9.40, '20.0', 0.00, 188.00, 0, 0, '0000-00-00 00:00:00', 0, '0000-00-00 00:00:00'),
(80, 16, '1', 39.00, '11.0', 0.00, 429.00, 0, 0, '0000-00-00 00:00:00', 0, '0000-00-00 00:00:00'),
(81, 16, '3', 9.40, '15.0', 0.00, 141.00, 0, 0, '0000-00-00 00:00:00', 0, '0000-00-00 00:00:00'),
(82, 16, '7', 23.00, '10.0', 0.00, 230.00, 0, 0, '0000-00-00 00:00:00', 0, '0000-00-00 00:00:00'),
(83, 16, '4', 36.00, '5.0', 0.00, 180.00, 0, 0, '0000-00-00 00:00:00', 0, '0000-00-00 00:00:00'),
(84, 17, '1', 39.00, '87', 0.00, 3393.00, 0, 0, '0000-00-00 00:00:00', 0, '0000-00-00 00:00:00'),
(85, 18, '1', 39.00, '10', 0.00, 390.00, 0, 0, '0000-00-00 00:00:00', 0, '0000-00-00 00:00:00'),
(86, 18, '2', 40.00, '5', 0.00, 200.00, 0, 0, '0000-00-00 00:00:00', 0, '0000-00-00 00:00:00'),
(87, 18, '6', 44.00, '8', 0.00, 352.00, 0, 0, '0000-00-00 00:00:00', 0, '0000-00-00 00:00:00'),
(88, 19, '6', 44.00, '10', 0.00, 440.00, 0, 0, '0000-00-00 00:00:00', 0, '0000-00-00 00:00:00'),
(89, 19, '7', 23.00, '10', 0.00, 230.00, 0, 0, '0000-00-00 00:00:00', 0, '0000-00-00 00:00:00'),
(90, 20, '1', 39.00, '5', 0.00, 195.00, 0, 0, '0000-00-00 00:00:00', 0, '0000-00-00 00:00:00'),
(91, 20, '3', 9.40, '2', 0.00, 18.80, 0, 0, '0000-00-00 00:00:00', 0, '0000-00-00 00:00:00'),
(92, 21, '1', 39.00, '7', 0.00, 273.00, 0, 0, '0000-00-00 00:00:00', 0, '0000-00-00 00:00:00'),
(93, 22, '1', 39.00, '2', 0.00, 78.00, 0, 0, '0000-00-00 00:00:00', 0, '0000-00-00 00:00:00'),
(94, 23, '1', 39.00, '6', 0.00, 234.00, 0, 0, '0000-00-00 00:00:00', 0, '0000-00-00 00:00:00'),
(95, 23, '4', 36.00, '8', 0.00, 288.00, 0, 0, '0000-00-00 00:00:00', 0, '0000-00-00 00:00:00'),
(96, 24, '1', 39.00, '12', 0.00, 468.00, 0, 0, '0000-00-00 00:00:00', 0, '0000-00-00 00:00:00'),
(97, 25, '1', 39.00, '10', 0.00, 390.00, 0, 0, '0000-00-00 00:00:00', 0, '0000-00-00 00:00:00'),
(98, 26, '1', 39.00, '12', 0.00, 468.00, 0, 0, '0000-00-00 00:00:00', 0, '0000-00-00 00:00:00'),
(99, 27, '2', 40.00, '12', 0.00, 480.00, 0, 0, '0000-00-00 00:00:00', 0, '0000-00-00 00:00:00'),
(100, 27, '3', 9.40, '15', 0.00, 141.00, 0, 0, '0000-00-00 00:00:00', 0, '0000-00-00 00:00:00'),
(101, 28, '1', 39.00, '12', 0.00, 468.00, 0, 0, '0000-00-00 00:00:00', 0, '0000-00-00 00:00:00'),
(102, 28, '1', 39.00, '12', 0.00, 468.00, 0, 0, '0000-00-00 00:00:00', 0, '0000-00-00 00:00:00'),
(103, 29, '1', 39.00, '10', 0.00, 390.00, 0, 0, '0000-00-00 00:00:00', 0, '0000-00-00 00:00:00'),
(104, 30, '6', 44.00, '12', 0.00, 528.00, 0, 0, '0000-00-00 00:00:00', 0, '0000-00-00 00:00:00'),
(105, 30, '3', 9.40, '20', 0.00, 188.00, 0, 0, '0000-00-00 00:00:00', 0, '0000-00-00 00:00:00'),
(106, 30, '3', 9.40, '20', 0.00, 188.00, 0, 0, '0000-00-00 00:00:00', 0, '0000-00-00 00:00:00'),
(107, 31, '1', 39.00, '2', 0.00, 78.00, 0, 0, '0000-00-00 00:00:00', 0, '0000-00-00 00:00:00'),
(108, 31, '2', 40.00, '2.5', 0.00, 100.00, 0, 0, '0000-00-00 00:00:00', 0, '0000-00-00 00:00:00'),
(109, 32, '2', 40.00, '12', 0.00, 480.00, 0, 0, '0000-00-00 00:00:00', 0, '0000-00-00 00:00:00'),
(111, 32, '8', 13.00, '10', 0.00, 130.00, 0, 0, '0000-00-00 00:00:00', 0, '0000-00-00 00:00:00'),
(112, 32, '3', 9.40, '60', 0.00, 564.00, 0, 0, '0000-00-00 00:00:00', 0, '0000-00-00 00:00:00'),
(113, 33, '1', 39.00, '2', 0.00, 78.00, 0, 0, '0000-00-00 00:00:00', 0, '0000-00-00 00:00:00'),
(114, 33, '2', 40.00, '3', 0.00, 120.00, 0, 0, '0000-00-00 00:00:00', 0, '0000-00-00 00:00:00'),
(115, 33, '3', 9.40, '4', 0.00, 37.60, 0, 0, '0000-00-00 00:00:00', 0, '0000-00-00 00:00:00'),
(116, 33, '4', 36.00, '5', 0.00, 180.00, 0, 0, '0000-00-00 00:00:00', 0, '0000-00-00 00:00:00'),
(117, 33, '5', 43.00, '6', 0.00, 258.00, 0, 0, '0000-00-00 00:00:00', 0, '0000-00-00 00:00:00'),
(118, 33, '6', 44.00, '7', 0.00, 308.00, 0, 0, '0000-00-00 00:00:00', 0, '0000-00-00 00:00:00'),
(119, 33, '7', 23.00, '8', 0.00, 184.00, 0, 0, '0000-00-00 00:00:00', 0, '0000-00-00 00:00:00'),
(120, 33, '8', 13.00, '9', 0.00, 117.00, 0, 0, '0000-00-00 00:00:00', 0, '0000-00-00 00:00:00'),
(121, 34, '1', 39.00, '2', 0.00, 78.00, 0, 0, '0000-00-00 00:00:00', 0, '0000-00-00 00:00:00'),
(122, 34, '2', 40.00, '3', 0.00, 120.00, 0, 0, '0000-00-00 00:00:00', 0, '0000-00-00 00:00:00'),
(123, 34, '3', 9.40, '4', 0.00, 37.60, 0, 0, '0000-00-00 00:00:00', 0, '0000-00-00 00:00:00'),
(124, 34, '4', 36.00, '5', 0.00, 180.00, 0, 0, '0000-00-00 00:00:00', 0, '0000-00-00 00:00:00'),
(125, 34, '5', 43.00, '6', 0.00, 258.00, 0, 0, '0000-00-00 00:00:00', 0, '0000-00-00 00:00:00'),
(126, 34, '6', 44.00, '7', 0.00, 308.00, 0, 0, '0000-00-00 00:00:00', 0, '0000-00-00 00:00:00'),
(127, 34, '7', 23.00, '8', 0.00, 184.00, 0, 0, '0000-00-00 00:00:00', 0, '0000-00-00 00:00:00'),
(128, 34, '8', 13.00, '9', 0.00, 117.00, 0, 0, '0000-00-00 00:00:00', 0, '0000-00-00 00:00:00'),
(129, 34, '1', 39.00, '2', 0.00, 78.00, 0, 0, '0000-00-00 00:00:00', 0, '0000-00-00 00:00:00'),
(130, 34, '2', 40.00, '3', 0.00, 120.00, 0, 0, '0000-00-00 00:00:00', 0, '0000-00-00 00:00:00'),
(131, 34, '3', 9.40, '4', 0.00, 37.60, 0, 0, '0000-00-00 00:00:00', 0, '0000-00-00 00:00:00'),
(132, 34, '4', 36.00, '5', 0.00, 180.00, 0, 0, '0000-00-00 00:00:00', 0, '0000-00-00 00:00:00'),
(133, 34, '5', 43.00, '6', 0.00, 258.00, 0, 0, '0000-00-00 00:00:00', 0, '0000-00-00 00:00:00'),
(134, 34, '6', 44.00, '7', 0.00, 308.00, 0, 0, '0000-00-00 00:00:00', 0, '0000-00-00 00:00:00'),
(135, 34, '7', 23.00, '8', 0.00, 184.00, 0, 0, '0000-00-00 00:00:00', 0, '0000-00-00 00:00:00'),
(136, 34, '8', 13.00, '9', 0.00, 117.00, 0, 0, '0000-00-00 00:00:00', 0, '0000-00-00 00:00:00'),
(137, 36, '1', 39.00, '12', 0.00, 468.00, 0, 0, '0000-00-00 00:00:00', 0, '0000-00-00 00:00:00'),
(138, 37, '1', 39.00, '10', 0.00, 390.00, 0, 0, '0000-00-00 00:00:00', 0, '0000-00-00 00:00:00'),
(139, 38, '5', 43.00, '10', 0.00, 430.00, 0, 0, '0000-00-00 00:00:00', 0, '0000-00-00 00:00:00'),
(140, 39, '7', 23.00, '8', 0.00, 184.00, 0, 0, '0000-00-00 00:00:00', 0, '0000-00-00 00:00:00'),
(141, 40, '5', 43.00, '6', 0.00, 258.00, 0, 0, '0000-00-00 00:00:00', 0, '0000-00-00 00:00:00'),
(142, 41, '2', 40.00, '12', 0.00, 480.00, 0, 0, '0000-00-00 00:00:00', 0, '0000-00-00 00:00:00'),
(143, 41, '4', 36.00, '5', 0.00, 180.00, 0, 0, '0000-00-00 00:00:00', 0, '0000-00-00 00:00:00'),
(144, 41, '8', 13.00, '5', 0.00, 65.00, 0, 0, '0000-00-00 00:00:00', 0, '0000-00-00 00:00:00'),
(145, 42, '2', 40.00, '10', 0.00, 400.00, 0, 0, '0000-00-00 00:00:00', 0, '0000-00-00 00:00:00'),
(146, 42, '7', 23.00, '10', 0.00, 230.00, 0, 0, '0000-00-00 00:00:00', 0, '0000-00-00 00:00:00'),
(147, 43, '13', 9.00, '10', 0.00, 90.00, 0, 0, '0000-00-00 00:00:00', 0, '0000-00-00 00:00:00'),
(148, 43, '2', 40.00, '10', 0.00, 400.00, 0, 0, '0000-00-00 00:00:00', 0, '0000-00-00 00:00:00'),
(149, 43, '2', 40.00, 'null', 0.00, 0.00, 0, 0, '0000-00-00 00:00:00', 0, '0000-00-00 00:00:00'),
(150, 43, '2', 40.00, '10.5', 0.00, 420.00, 0, 0, '0000-00-00 00:00:00', 0, '0000-00-00 00:00:00'),
(151, 43, '2', 40.00, '5.3', 0.00, 212.00, 0, 0, '0000-00-00 00:00:00', 0, '0000-00-00 00:00:00'),
(152, 43, '2', 40.00, '1.5', 0.00, 60.00, 0, 0, '0000-00-00 00:00:00', 0, '0000-00-00 00:00:00'),
(153, 44, '1', 55.00, '10', 0.00, 550.00, 0, 0, '0000-00-00 00:00:00', 0, '0000-00-00 00:00:00'),
(154, 44, '3', 9.40, '10', 0.00, 94.00, 0, 0, '0000-00-00 00:00:00', 0, '0000-00-00 00:00:00'),
(155, 44, '6', 44.00, '5', 0.00, 220.00, 0, 0, '0000-00-00 00:00:00', 0, '0000-00-00 00:00:00'),
(156, 45, '1', 55.00, '1', 0.00, 55.00, 0, 0, '0000-00-00 00:00:00', 0, '0000-00-00 00:00:00'),
(158, 47, '2', 40.00, '10', 0.00, 400.00, 0, 0, '0000-00-00 00:00:00', 0, '0000-00-00 00:00:00'),
(159, 47, '3', 9.40, '10', 0.00, 94.00, 0, 0, '0000-00-00 00:00:00', 0, '0000-00-00 00:00:00'),
(160, 48, '2', 40.00, '6', 0.00, 240.00, 0, 0, '0000-00-00 00:00:00', 0, '0000-00-00 00:00:00'),
(161, 48, '4', 36.00, '6', 0.00, 216.00, 0, 0, '0000-00-00 00:00:00', 0, '0000-00-00 00:00:00'),
(162, 48, '5', 43.00, '25', 0.00, 1075.00, 0, 0, '0000-00-00 00:00:00', 0, '0000-00-00 00:00:00'),
(163, 49, '5', 43.00, '25', 0.00, 1075.00, 0, 0, '0000-00-00 00:00:00', 0, '0000-00-00 00:00:00'),
(164, 49, '14', 5.25, '25', 0.00, 131.25, 0, 0, '0000-00-00 00:00:00', 0, '0000-00-00 00:00:00'),
(165, 50, '2', 40.00, '8', 0.00, 320.00, 0, 0, '0000-00-00 00:00:00', 0, '0000-00-00 00:00:00'),
(166, 50, '3', 9.40, '20', 0.00, 188.00, 0, 0, '0000-00-00 00:00:00', 0, '0000-00-00 00:00:00'),
(167, 51, '2', 40.00, '10', 0.00, 400.00, 0, 0, '0000-00-00 00:00:00', 0, '0000-00-00 00:00:00'),
(168, 51, '3', 9.40, '4', 0.00, 37.60, 0, 0, '0000-00-00 00:00:00', 0, '0000-00-00 00:00:00'),
(169, 52, '2', 40.00, '20', 0.00, 800.00, 0, 0, '0000-00-00 00:00:00', 0, '0000-00-00 00:00:00'),
(170, 52, '3', 9.40, '20', 0.00, 188.00, 0, 0, '0000-00-00 00:00:00', 0, '0000-00-00 00:00:00'),
(171, 52, '6', 44.00, '2', 0.00, 88.00, 0, 0, '0000-00-00 00:00:00', 0, '0000-00-00 00:00:00'),
(172, 53, '2', 40.00, '4', 0.00, 160.00, 0, 0, '0000-00-00 00:00:00', 0, '0000-00-00 00:00:00'),
(173, 55, '4', 36.00, '5', 0.00, 180.00, 0, 0, '0000-00-00 00:00:00', 0, '0000-00-00 00:00:00'),
(174, 55, '6', 44.00, '5', 0.00, 220.00, 0, 0, '0000-00-00 00:00:00', 0, '0000-00-00 00:00:00'),
(175, 57, '3', 9.40, '25', 0.00, 235.00, 0, 0, '0000-00-00 00:00:00', 0, '0000-00-00 00:00:00'),
(176, 57, '6', 44.00, '6', 0.00, 264.00, 0, 0, '0000-00-00 00:00:00', 0, '0000-00-00 00:00:00'),
(177, 51, '3', 9.40, '4', 0.00, 37.60, 0, 0, '0000-00-00 00:00:00', 0, '0000-00-00 00:00:00'),
(178, 53, '2', 40.00, '4', 0.00, 160.00, 0, 0, '0000-00-00 00:00:00', 0, '0000-00-00 00:00:00'),
(179, 57, '3', 9.40, '25', 0.00, 235.00, 0, 0, '0000-00-00 00:00:00', 0, '0000-00-00 00:00:00'),
(180, 65, '1', 55.00, '10', 0.00, 550.00, 0, 0, '0000-00-00 00:00:00', 0, '0000-00-00 00:00:00'),
(181, 65, '3', 9.40, '12', 0.00, 112.80, 0, 0, '0000-00-00 00:00:00', 0, '0000-00-00 00:00:00'),
(182, 66, '1', 55.00, '12', 0.00, 660.00, 0, 0, '0000-00-00 00:00:00', 0, '0000-00-00 00:00:00'),
(183, 66, '2', 40.00, '10', 0.00, 400.00, 0, 0, '0000-00-00 00:00:00', 0, '0000-00-00 00:00:00'),
(184, 66, '2', 40.00, '10', 0.00, 400.00, 0, 0, '0000-00-00 00:00:00', 0, '0000-00-00 00:00:00');

-- --------------------------------------------------------

--
-- Table structure for table `sales_details`
--

CREATE TABLE IF NOT EXISTS `sales_details` (
  `id` int(11) NOT NULL AUTO_INCREMENT,
  `sale_date` date NOT NULL,
  `total_amount` decimal(10,2) NOT NULL,
  `modify_at` timestamp NOT NULL DEFAULT CURRENT_TIMESTAMP ON UPDATE CURRENT_TIMESTAMP,
  `modify_by` int(11) NOT NULL,
  `created_at` timestamp NOT NULL DEFAULT '0000-00-00 00:00:00',
  `created_by` int(11) NOT NULL,
  PRIMARY KEY (`id`)
) ENGINE=InnoDB  DEFAULT CHARSET=latin1 AUTO_INCREMENT=68 ;

--
-- Dumping data for table `sales_details`
--

INSERT INTO `sales_details` (`id`, `sale_date`, `total_amount`, `modify_at`, `modify_by`, `created_at`, `created_by`) VALUES
(1, '2014-06-26', 590.00, '2014-09-15 12:23:01', 0, '2014-09-15 10:21:37', 0),
(2, '2014-06-26', 830.00, '2014-06-26 10:14:16', 0, '0000-00-00 00:00:00', 0),
(5, '2014-06-27', 668.00, '2014-06-27 11:18:28', 0, '0000-00-00 00:00:00', 0),
(6, '2014-06-06', 3510.00, '2014-06-26 10:13:49', 0, '0000-00-00 00:00:00', 0),
(7, '2014-06-27', 1404.00, '2014-06-27 12:29:53', 0, '0000-00-00 00:00:00', 0),
(8, '2014-06-30', 595.00, '2014-06-30 05:03:06', 0, '0000-00-00 00:00:00', 0),
(9, '2014-06-30', 3151.00, '2014-06-30 05:00:31', 0, '0000-00-00 00:00:00', 0),
(10, '2014-07-02', 589.00, '2014-07-02 14:04:11', 0, '0000-00-00 00:00:00', 0),
(11, '2014-07-02', 390.00, '2014-07-02 11:36:38', 0, '0000-00-00 00:00:00', 0),
(12, '2014-07-02', 2145.00, '2014-07-03 09:25:54', 0, '0000-00-00 00:00:00', 0),
(13, '2014-07-02', 668.00, '2014-07-03 12:58:47', 0, '0000-00-00 00:00:00', 0),
(14, '2014-07-03', 858.00, '2014-07-03 14:03:50', 0, '0000-00-00 00:00:00', 0),
(15, '2014-07-04', 578.00, '2014-07-04 07:30:06', 0, '0000-00-00 00:00:00', 0),
(16, '2014-07-04', 980.00, '2014-07-04 10:44:25', 0, '0000-00-00 00:00:00', 0),
(17, '2014-06-23', 3393.00, '2014-07-08 12:35:54', 0, '0000-00-00 00:00:00', 0),
(18, '2014-07-09', 942.00, '2014-07-09 12:39:58', 0, '0000-00-00 00:00:00', 0),
(19, '2014-07-02', 670.00, '2014-07-09 13:19:07', 0, '0000-00-00 00:00:00', 0),
(20, '2014-07-14', 213.80, '2014-07-14 11:06:58', 0, '0000-00-00 00:00:00', 0),
(21, '2014-07-15', 273.00, '2014-07-15 12:30:10', 0, '0000-00-00 00:00:00', 0),
(22, '2014-07-28', 78.00, '2014-07-28 05:41:50', 0, '0000-00-00 00:00:00', 0),
(23, '2014-08-08', 522.00, '2014-08-08 11:41:00', 0, '0000-00-00 00:00:00', 0),
(24, '2014-08-18', 468.00, '2014-08-18 07:06:52', 0, '0000-00-00 00:00:00', 0),
(25, '2014-09-12', 390.00, '2014-09-12 09:59:21', 0, '0000-00-00 00:00:00', 0),
(26, '2014-09-12', 468.00, '2014-09-12 10:02:37', 0, '0000-00-00 00:00:00', 0),
(27, '2014-09-15', 621.00, '2014-09-15 13:41:25', 0, '0000-00-00 00:00:00', 0),
(28, '2014-09-15', 468.00, '2014-09-15 13:45:04', 0, '0000-00-00 00:00:00', 0),
(29, '2014-09-16', 390.00, '2014-09-16 06:18:23', 0, '0000-00-00 00:00:00', 0),
(30, '2014-09-17', 716.00, '2014-09-17 13:24:30', 0, '0000-00-00 00:00:00', 0),
(31, '2014-11-12', 178.00, '2014-11-12 11:38:25', 0, '0000-00-00 00:00:00', 0),
(32, '2014-11-17', 1174.00, '2014-11-17 07:08:20', 0, '0000-00-00 00:00:00', 0),
(33, '2014-11-17', 1282.60, '2014-11-17 10:33:13', 0, '0000-00-00 00:00:00', 0),
(34, '2014-11-18', 1283.60, '2014-11-18 07:40:14', 0, '0000-00-00 00:00:00', 0),
(35, '2014-11-18', 0.00, '2014-11-18 07:38:42', 0, '0000-00-00 00:00:00', 0),
(36, '2014-11-24', 468.00, '2014-11-24 11:09:21', 0, '0000-00-00 00:00:00', 0),
(37, '2014-12-16', 390.00, '2014-12-17 10:17:47', 0, '0000-00-00 00:00:00', 0),
(38, '2014-12-17', 430.00, '2014-12-17 10:19:05', 0, '0000-00-00 00:00:00', 0),
(39, '2014-12-16', 184.00, '2014-12-17 12:05:43', 0, '0000-00-00 00:00:00', 0),
(40, '2014-12-14', 258.00, '2014-12-17 12:21:44', 0, '0000-00-00 00:00:00', 0),
(41, '2014-12-19', 725.00, '2014-12-19 05:09:55', 0, '0000-00-00 00:00:00', 0),
(42, '2015-01-19', 630.00, '2015-01-19 11:13:50', 0, '0000-00-00 00:00:00', 0),
(43, '2015-01-31', 1182.00, '2015-01-31 06:07:51', 0, '0000-00-00 00:00:00', 0),
(44, '2015-02-02', 864.00, '2015-02-02 05:17:43', 0, '0000-00-00 00:00:00', 0),
(45, '2015-02-13', 55.00, '2015-02-13 06:21:43', 0, '0000-00-00 00:00:00', 0),
(46, '2015-02-13', 420.00, '2015-02-13 06:29:30', 0, '0000-00-00 00:00:00', 0),
(47, '2015-02-13', 494.00, '2015-02-13 06:52:41', 0, '0000-00-00 00:00:00', 0),
(48, '2015-02-13', 1531.00, '2015-02-13 17:05:33', 0, '0000-00-00 00:00:00', 0),
(49, '2015-02-13', 1206.25, '2015-02-13 17:06:02', 0, '0000-00-00 00:00:00', 0),
(50, '2015-02-14', 508.00, '2015-02-14 02:21:11', 0, '0000-00-00 00:00:00', 0),
(51, '2015-02-16', 475.20, '2015-02-16 06:18:09', 0, '0000-00-00 00:00:00', 0),
(52, '2015-02-16', 1076.00, '2015-02-16 06:14:52', 0, '0000-00-00 00:00:00', 0),
(53, '2015-02-16', 320.00, '2015-02-16 06:18:09', 0, '0000-00-00 00:00:00', 0),
(54, '2015-02-16', 0.00, '2015-02-16 06:14:52', 0, '0000-00-00 00:00:00', 0),
(55, '2015-02-16', 400.00, '2015-02-16 06:14:52', 0, '0000-00-00 00:00:00', 0),
(56, '2015-02-16', 0.00, '2015-02-16 06:14:52', 0, '0000-00-00 00:00:00', 0),
(57, '2015-02-16', 734.00, '2015-02-16 06:18:09', 0, '0000-00-00 00:00:00', 0),
(58, '2015-02-16', 0.00, '2015-02-16 06:14:52', 0, '0000-00-00 00:00:00', 0),
(59, '2015-02-16', 0.00, '2015-02-16 06:14:52', 0, '0000-00-00 00:00:00', 0),
(60, '2015-02-16', 0.00, '2015-02-16 06:14:52', 0, '0000-00-00 00:00:00', 0),
(61, '2015-02-16', 0.00, '2015-02-16 06:14:52', 0, '0000-00-00 00:00:00', 0),
(62, '2015-02-16', 0.00, '2015-02-16 06:14:52', 0, '0000-00-00 00:00:00', 0),
(63, '2015-02-16', 0.00, '2015-02-16 06:14:52', 0, '0000-00-00 00:00:00', 0),
(64, '2015-02-16', 0.00, '2015-02-16 06:14:52', 0, '0000-00-00 00:00:00', 0),
(65, '2015-04-29', 662.80, '2015-04-29 10:47:10', 0, '0000-00-00 00:00:00', 0),
(66, '2015-05-29', 1460.00, '2015-05-29 11:08:46', 0, '0000-00-00 00:00:00', 0),
(67, '2016-09-03', 400.00, '2016-09-03 06:34:44', 0, '0000-00-00 00:00:00', 0);

-- --------------------------------------------------------

--
-- Table structure for table `users`
--

CREATE TABLE IF NOT EXISTS `users` (
  `id` int(11) NOT NULL AUTO_INCREMENT,
  `username` varchar(45) DEFAULT NULL,
  `password` varchar(100) DEFAULT NULL,
  `firstname` varchar(45) DEFAULT NULL,
  `lastname` varchar(45) DEFAULT NULL,
  `email` varchar(100) DEFAULT NULL,
  `contact_no` bigint(20) DEFAULT NULL,
  `created_at` timestamp NULL DEFAULT NULL,
  `created_by` int(11) DEFAULT NULL,
  `is_active` enum('0','1') DEFAULT '1',
  `role` enum('Admin','User') DEFAULT NULL,
  `updated_at` timestamp NOT NULL DEFAULT '0000-00-00 00:00:00',
  `updated_by` int(11) NOT NULL,
  `is_delete` int(11) NOT NULL DEFAULT '0',
  PRIMARY KEY (`id`)
) ENGINE=InnoDB  DEFAULT CHARSET=latin1 AUTO_INCREMENT=4 ;

--
-- Dumping data for table `users`
--

INSERT INTO `users` (`id`, `username`, `password`, `firstname`, `lastname`, `email`, `contact_no`, `created_at`, `created_by`, `is_active`, `role`, `updated_at`, `updated_by`, `is_delete`) VALUES
(1, 'deepan', '2171a8380ef2c424fbc80eb45cee7b91', 'Deepan', 'K', 'mkdeepan@gmail.com', 9940039192, '2015-02-04 13:43:09', 1, '1', 'User', '0000-00-00 00:00:00', 0, 0),
(2, 'kalyan', 'e10adc3949ba59abbe56e057f20f883e', 'Kalyana Sundaram', 'M', 'deepsmk@ymail.com', 9940302299, '2015-02-03 18:30:00', 1, '1', 'Admin', '0000-00-00 00:00:00', 0, 0),
(3, NULL, '$2a$06$kGSNdPw3x0ycXIo4xHMDg.s2iBVoe9l2EvKDQONz24pseJeJ/r6j6', NULL, NULL, 'mkdeeps@gmail.com', NULL, '2017-03-12 07:28:56', NULL, NULL, NULL, '2017-03-12 07:28:56', 0, 0);

-- --------------------------------------------------------

--
-- Table structure for table `vendors`
--

CREATE TABLE IF NOT EXISTS `vendors` (
  `id` int(11) NOT NULL AUTO_INCREMENT,
  `vendor_name` varchar(50) NOT NULL,
  `firstname` varchar(50) NOT NULL,
  `lastname` varchar(50) NOT NULL,
  `city` varchar(30) NOT NULL,
  `pincode` int(11) NOT NULL,
  `address` varchar(50) NOT NULL,
  `contact_person` varchar(50) NOT NULL,
  `contact_no` bigint(20) NOT NULL,
  `contact_no1` bigint(20) NOT NULL,
  `is_active` int(11) NOT NULL DEFAULT '1',
  `created_at` date NOT NULL,
  `created_by` int(11) NOT NULL,
  `modify_at` timestamp NOT NULL DEFAULT CURRENT_TIMESTAMP ON UPDATE CURRENT_TIMESTAMP,
  `modify_by` int(11) NOT NULL,
  `is_delete` int(11) NOT NULL DEFAULT '0',
  PRIMARY KEY (`id`)
) ENGINE=InnoDB  DEFAULT CHARSET=latin1 AUTO_INCREMENT=3 ;

--
-- Dumping data for table `vendors`
--

INSERT INTO `vendors` (`id`, `vendor_name`, `firstname`, `lastname`, `city`, `pincode`, `address`, `contact_person`, `contact_no`, `contact_no1`, `is_active`, `created_at`, `created_by`, `modify_at`, `modify_by`, `is_delete`) VALUES
(1, 'Hatsun Agro Product LTD,.', 'Chandra', 'Mohan', 'Chennai', 600088, 'white gate, Kanchipuram', 'Sakthivel', 9999999999, 0, 1, '2014-07-04', 1, '2014-07-05 05:56:15', 0, 0),
(2, 'Dodla dariy LTD,.', 'Mahlingam', 'M', 'chennai', 600001, 'ottery', '', 9884498322, 0, 1, '0000-00-00', 0, '2014-07-05 06:13:55', 0, 0);

/*!40101 SET CHARACTER_SET_CLIENT=@OLD_CHARACTER_SET_CLIENT */;
/*!40101 SET CHARACTER_SET_RESULTS=@OLD_CHARACTER_SET_RESULTS */;
/*!40101 SET COLLATION_CONNECTION=@OLD_COLLATION_CONNECTION */;
